<?xml version="1.0" encoding="utf-8"?>
<!--

    Licensed to the Apache Software Foundation (ASF) under one
    or more contributor license agreements.  See the NOTICE file
    distributed with this work for additional information
    regarding copyright ownership.  The ASF licenses this file
    to you under the Apache License, Version 2.0 (the
    "License"); you may not use this file except in compliance
    with the License.  You may obtain a copy of the License at

      http://www.apache.org/licenses/LICENSE-2.0

    Unless required by applicable law or agreed to in writing,
    software distributed under the License is distributed on an
    "AS IS" BASIS, WITHOUT WARRANTIES OR CONDITIONS OF ANY
    KIND, either express or implied.  See the License for the
    specific language governing permissions and limitations
    under the License.

-->
<feed xml:base="http://localhost:${tomcat.servlet.port}/stub/StaticService/V40/Static.svc/" xmlns="http://www.w3.org/2005/Atom" xmlns:d="http://docs.oasis-open.org/odata/ns/data" xmlns:m="http://docs.oasis-open.org/odata/ns/metadata" xmlns:georss="http://www.georss.org/georss" xmlns:gml="http://www.opengis.net/gml" m:context="http://localhost:${tomcat.servlet.port}/stub/StaticService/V40/Static.svc/$metadata#Accounts(101)/MyPaymentInstruments">
  <id>http://localhost:${tomcat.servlet.port}/stub/StaticService/V40/Static.svc/MyPaymentInstruments</id>
  <title/>
  <updated>2014-04-14T12:45:33Z</updated>
  <entry>
    <category term="#Microsoft.Test.OData.Services.ODataWCFService.PaymentInstrument" scheme="http://docs.oasis-open.org/odata/ns/scheme"/>
    <link rel="http://docs.oasis-open.org/odata/ns/related/TheStoredPI" type="application/atom+xml;type=entry" title="TheStoredPI" href="http://localhost:${tomcat.servlet.port}/stub/StaticService/V40/Static.svc/Accounts(101)/MyPaymentInstruments(101901)/TheStoredPI"/>
    <link rel="http://docs.oasis-open.org/odata/ns/related/BillingStatements" type="application/atom+xml;type=feed" title="BillingStatements" href="http://localhost:${tomcat.servlet.port}/stub/StaticService/V40/Static.svc/Accounts(101)/MyPaymentInstruments(101901)/BillingStatements"/>
    <link rel="http://docs.oasis-open.org/odata/ns/related/BackupStoredPI" type="application/atom+xml;type=entry" title="BackupStoredPI" href="http://localhost:${tomcat.servlet.port}/stub/StaticService/V40/Static.svc/Accounts(101)/MyPaymentInstruments(101901)/BackupStoredPI"/>
    <id/>
    <title/>
    <updated>2014-04-14T12:45:33Z</updated>
    <author>
      <name/>
    </author>
    <content type="application/xml">
      <m:properties>
        <d:PaymentInstrumentID m:type="Int32">101901</d:PaymentInstrumentID>
        <d:FriendlyName>101 first PI</d:FriendlyName>
        <d:CreatedDate m:type="DateTimeOffset">2014-04-09T00:00:00Z</d:CreatedDate>
      </m:properties>
    </content>
  </entry>
  <entry>
    <category term="#Microsoft.Test.OData.Services.ODataWCFService.CreditCardPI" scheme="http://docs.oasis-open.org/odata/ns/scheme"/>
    <link rel="http://docs.oasis-open.org/odata/ns/related/TheStoredPI" type="application/atom+xml;type=entry" title="TheStoredPI" href="http://localhost:${tomcat.servlet.port}/stub/StaticService/V40/Static.svc/Accounts(101)/MyPaymentInstruments(101902)/Microsoft.Test.OData.Services.ODataWCFService.CreditCardPI/TheStoredPI"/>
    <link rel="http://docs.oasis-open.org/odata/ns/related/BillingStatements" type="application/atom+xml;type=feed" title="BillingStatements" href="http://localhost:${tomcat.servlet.port}/stub/StaticService/V40/Static.svc/Accounts(101)/MyPaymentInstruments(101902)/Microsoft.Test.OData.Services.ODataWCFService.CreditCardPI/BillingStatements"/>
    <link rel="http://docs.oasis-open.org/odata/ns/related/BackupStoredPI" type="application/atom+xml;type=entry" title="BackupStoredPI" href="http://localhost:${tomcat.servlet.port}/stub/StaticService/V40/Static.svc/Accounts(101)/MyPaymentInstruments(101902)/Microsoft.Test.OData.Services.ODataWCFService.CreditCardPI/BackupStoredPI"/>
    <link rel="http://docs.oasis-open.org/odata/ns/related/CreditRecords" type="application/atom+xml;type=feed" title="CreditRecords" href="http://localhost:${tomcat.servlet.port}/stub/StaticService/V40/Static.svc/Accounts(101)/MyPaymentInstruments(101902)/Microsoft.Test.OData.Services.ODataWCFService.CreditCardPI/CreditRecords"/>
    <id/>
    <title/>
    <updated>2014-04-14T12:45:33Z</updated>
    <author>
      <name/>
    </author>
    <content type="application/xml">
      <m:properties>
        <d:PaymentInstrumentID m:type="Int32">101902</d:PaymentInstrumentID>
        <d:FriendlyName>101 frist credit PI</d:FriendlyName>
        <d:CreatedDate m:type="DateTimeOffset">2012-11-01T00:00:00Z</d:CreatedDate>
        <d:CardNumber>6000000000000000</d:CardNumber>
        <d:CVV>234</d:CVV>
        <d:HolderName>Alex</d:HolderName>
        <d:Balance m:type="Double">100</d:Balance>
        <d:ExperationDate m:type="DateTimeOffset">2022-11-01T00:00:00Z</d:ExperationDate>
      </m:properties>
    </content>
  </entry>
  <entry>
    <category term="#Microsoft.Test.OData.Services.ODataWCFService.CreditCardPI" scheme="http://docs.oasis-open.org/odata/ns/scheme"/>
    <link rel="http://docs.oasis-open.org/odata/ns/related/TheStoredPI" type="application/atom+xml;type=entry" title="TheStoredPI" href="http://localhost:${tomcat.servlet.port}/stub/StaticService/V40/Static.svc/Accounts(101)/MyPaymentInstruments(101903)/Microsoft.Test.OData.Services.ODataWCFService.CreditCardPI/TheStoredPI"/>
    <link rel="http://docs.oasis-open.org/odata/ns/related/BillingStatements" type="application/atom+xml;type=feed" title="BillingStatements" href="http://localhost:${tomcat.servlet.port}/stub/StaticService/V40/Static.svc/Accounts(101)/MyPaymentInstruments(101903)/Microsoft.Test.OData.Services.ODataWCFService.CreditCardPI/BillingStatements"/>
    <link rel="http://docs.oasis-open.org/odata/ns/related/BackupStoredPI" type="application/atom+xml;type=entry" title="BackupStoredPI" href="http://localhost:${tomcat.servlet.port}/stub/StaticService/V40/Static.svc/Accounts(101)/MyPaymentInstruments(101903)/Microsoft.Test.OData.Services.ODataWCFService.CreditCardPI/BackupStoredPI"/>
    <link rel="http://docs.oasis-open.org/odata/ns/related/CreditRecords" type="application/atom+xml;type=feed" title="CreditRecords" href="http://localhost:${tomcat.servlet.port}/stub/StaticService/V40/Static.svc/Accounts(101)/MyPaymentInstruments(101903)/Microsoft.Test.OData.Services.ODataWCFService.CreditCardPI/CreditRecords"/>
    <id/>
    <title/>
    <updated>2014-04-14T12:45:33Z</updated>
    <author>
      <name/>
    </author>
    <content type="application/xml">
      <m:properties>
        <d:PaymentInstrumentID m:type="Int32">101903</d:PaymentInstrumentID>
        <d:FriendlyName>101 second credit PI</d:FriendlyName>
        <d:CreatedDate m:type="DateTimeOffset">2012-11-01T00:00:00Z</d:CreatedDate>
        <d:CardNumber>8000000000000000</d:CardNumber>
        <d:CVV>012</d:CVV>
        <d:HolderName>James</d:HolderName>
        <d:Balance m:type="Double">300</d:Balance>
        <d:ExperationDate m:type="DateTimeOffset">2022-10-02T00:00:00Z</d:ExperationDate>
      </m:properties>
    </content>
  </entry>
</feed>
