<?xml version="1.0" encoding="UTF-8"?>
<itop_design xmlns:xsi="http://www.w3.org/2001/XMLSchema-instance" version="1.0">
  <classes/>
  <user_rights>
    <profiles>
      <profile id="2" _delta="delete"/>
      <profile id="4" _delta="delete"/>
      <profile id="5" _delta="delete"/>
      <profile id="6" _delta="delete"/>
      <profile id="7" _delta="delete"/>
      <profile id="8" _delta="delete"/>
      <profile id="9" _delta="delete"/>
      <profile id="10" _delta="delete"/>
    </profiles>
  </user_rights>
</itop_design>
