<?xml version="1.0" encoding="utf-8"?>
<!--

    Licensed to the Apache Software Foundation (ASF) under one
    or more contributor license agreements.  See the NOTICE file
    distributed with this work for additional information
    regarding copyright ownership.  The ASF licenses this file
    to you under the Apache License, Version 2.0 (the
    "License"); you may not use this file except in compliance
    with the License.  You may obtain a copy of the License at

      http://www.apache.org/licenses/LICENSE-2.0

    Unless required by applicable law or agreed to in writing,
    software distributed under the License is distributed on an
    "AS IS" BASIS, WITHOUT WARRANTIES OR CONDITIONS OF ANY
    KIND, either express or implied.  See the License for the
    specific language governing permissions and limitations
    under the License.

-->
<edmx:Edmx xmlns:edmx="http://docs.oasis-open.org/odata/ns/edmx" Version="4.0">
  <edmx:Reference Uri="http://localhost:${tomcat.servlet.port}/stub/StaticService/V40/Vocabularies.svc/Org.OData.Core.V1.xml">
    <edmx:Include Alias="Core" Namespace="Org.OData.Core.V1" />
  </edmx:Reference>
  <edmx:DataServices>
    <Schema xmlns="http://docs.oasis-open.org/odata/ns/edm" Namespace="Org.OData.Measures.V1" Alias="Measures">
      <Annotation Term="Core.Description">
        <String>Terms describing monetary amounts and measured quantities</String>
      </Annotation>

      <Term Name="ISOCurrency" Type="Edm.String" AppliesTo="Property">
        <Annotation Term="Core.Description" String="The currency for this monetary amount as an ISO 4217 currency code" />
      </Term>

      <Term Name="Scale" Type="Edm.Byte" AppliesTo="Property">
        <Annotation Term="Core.Description"
          String="The number of significant decimal places in the scale part (less than or equal to the number declared in the Scale facet)" />
        <Annotation Term="Core.RequiresType" String="Edm.Decimal" />
      </Term>

      <Term Name="Unit" Type="Edm.String" AppliesTo="Property">
        <Annotation Term="Core.Description" String="The unit of measure for this measured quantity, e.g. cm for centimeters or % for percentages" />
      </Term>

    </Schema>
  </edmx:DataServices>
</edmx:Edmx>